"","V1","V2","V3","V4","V5","V6"
"ClyF","","","","","",""
"11_T7 Biotec_CGN","N61D","","","","",""
"12_T7 Biotec_CGN","","","","","",""
"13_T7 Biotec_CGN","","","","","",""
"14_T7 Biotec_CGN","","","","","",""
"15_T7 Biotec_CGN","","","","","",""
"21_T7 Biotec_CGN","","","","","",""
"22_T7 Biotec_CGN","N247N","","","","",""
"23_T7 Biotec_CGN","A91A","","","","",""
"24_T7 Biotec_CGN","","","","","",""
"25_T7 Biotec_CGN","Y198F","","","","",""
"31_T7 Biotec_CGN","D35G","I210V","","","",""
"32_T7 Biotec_CGN","K57E","A62A","P85S","D122G","",""
"33_T7 Biotec_CGN","H5H","","","","",""
"34_T7 Biotec_CGN","","","","","",""
"35_T7 Biotec_CGN","F50S","","","","",""
"41_T7 Biotec_CGN","P10M","","","","",""
"42_T7 Biotec_CGN","S30S","R167R","A181A","","",""
"43_T7 Biotec_CGN","G36G","","","","",""
"44_T7 Biotec_CGN","G39G","C42C","V84E","","",""
"45_T7 Biotec_CGN","K18R","G104R","","","",""
"46_T7 Biotec_CGN","R40H","K57E","S128S","","",""
"51_T7 Biotec_CGN","C42S","A62T","S81G","I108frame_shift_del","Y198Y","K227E"
"52_T7 Biotec_CGN","","","","","",""
"53_T7 Biotec_CGN","P10M","P152P","Y154H","E193E","",""
"54_T7 Biotec_CGN","P59P","V109A","G201G","","",""
"55_T7 Biotec_CGN","F77L","V109V","","","",""
"56_T7 Biotec_CGN","F77L","V109V","","","",""
