"","-","AG","GA","AT","TA","AC","CA","GC","CG","GT","TG","CT","TC","Del","Ins","?"
"ClyF",754,0,0,0,0,0,0,0,0,0,0,0,0,0,0,0
"11_T7 Biotec_CGN",753,1,0,0,0,0,0,0,0,0,0,0,0,0,0,0
"12_T7 Biotec_CGN",754,0,0,0,0,0,0,0,0,0,0,0,0,0,0,0
"13_T7 Biotec_CGN",754,0,0,0,0,0,0,0,0,0,0,0,0,0,0,0
"14_T7 Biotec_CGN",754,0,0,0,0,0,0,0,0,0,0,0,0,0,0,0
"15_T7 Biotec_CGN",754,0,0,0,0,0,0,0,0,0,0,0,0,0,0,0
"21_T7 Biotec_CGN",754,0,0,0,0,0,0,0,0,0,0,0,0,0,0,0
"22_T7 Biotec_CGN",753,0,0,0,0,0,0,0,0,0,0,0,0,0,1,0
"23_T7 Biotec_CGN",753,1,0,0,0,0,0,0,0,0,0,0,0,0,0,0
"24_T7 Biotec_CGN",754,0,0,0,0,0,0,0,0,0,0,0,0,0,0,0
"25_T7 Biotec_CGN",753,0,0,1,0,0,0,0,0,0,0,0,0,0,0,0
"31_T7 Biotec_CGN",752,2,0,0,0,0,0,0,0,0,0,0,0,0,0,0
"32_T7 Biotec_CGN",750,2,0,0,0,0,0,0,0,0,0,1,1,0,0,0
"33_T7 Biotec_CGN",753,0,0,0,0,0,0,0,0,0,0,0,1,0,0,0
"34_T7 Biotec_CGN",754,0,0,0,0,0,0,0,0,0,0,0,0,0,0,0
"35_T7 Biotec_CGN",753,0,0,0,0,0,0,0,0,0,0,0,1,0,0,0
"41_T7 Biotec_CGN",753,0,0,0,0,0,0,0,0,0,0,1,0,0,0,0
"42_T7 Biotec_CGN",751,0,1,0,0,0,0,0,0,0,0,1,1,0,0,0
"43_T7 Biotec_CGN",753,1,0,0,0,0,0,0,0,0,0,0,0,0,0,0
"44_T7 Biotec_CGN",751,0,0,0,1,0,0,0,0,0,0,0,2,0,0,0
"45_T7 Biotec_CGN",752,1,1,0,0,0,0,0,0,0,0,0,0,0,0,0
"46_T7 Biotec_CGN",751,1,1,0,0,0,0,0,0,0,0,0,1,0,0,0
"51_T7 Biotec_CGN",748,2,1,0,1,0,0,0,0,0,0,0,1,1,0,0
"52_T7 Biotec_CGN",754,0,0,0,0,0,0,0,0,0,0,0,0,0,0,0
"53_T7 Biotec_CGN",750,1,0,0,0,0,0,0,0,0,0,2,1,0,0,0
"54_T7 Biotec_CGN",751,1,0,0,0,0,0,0,0,0,0,0,2,0,0,0
"55_T7 Biotec_CGN",752,0,0,0,0,0,0,0,0,0,0,0,2,0,0,0
"56_T7 Biotec_CGN",752,0,0,0,0,0,0,0,0,0,0,0,2,0,0,0
